Workbook

Sheet Risk Register
A1: Risk ID | B1: Cloud Asset | C1: Risk Description | D1: Likelihood Score | E1: Impact Score | F1: Risk Level | G1: Mitigation | H1: Risk Owner | I1: Status | J1: Evidence | K1: Control Reference | L1: Target Date | M1: Residual Risk
A2: R-001 | B2: Cloud Storage | C2: Storage is publicly accessible | D2: 4 | E2: 5 | F2: =IF(D2*E2>=17,"Critical",IF(D2*E2>=10,"High",IF(D2*E2>=5,"Medium","Low"))) -> Critical | G2: Disable public access and review permissions | H2: Cloud Administrator | I2: Open | J2: Access setting screenshot | K2: NIST CSF 2.0 - PR.DS | L2: 46279 | M2: Medium
A3: R-002 | B3: Cloud Identity | C3: Administrator accounts do not use MFA | D3: 4 | E3: 5 | F3: =IF(D3*E3>=17,"Critical",IF(D3*E3>=10,"High",IF(D3*E3>=5,"Medium","Low"))) -> Critical | G3: Enable MFA for all administrator accounts | H3: Identity Administrator | I3: Open | J3: MFA status report | K3: NIST CSF 2.0 - PR.AA | L3: 46279 | M3: Medium
A4: R-003 | B4: Cloud Database | C4: Sensitive data is not encrypted at rest | D4: 3 | E4: 5 | F4: =IF(D4*E4>=17,"Critical",IF(D4*E4>=10,"High",IF(D4*E4>=5,"Medium","Low"))) -> High | G4: Enable encryption at rest and manage encryption keys | H4: Database Administrator | I4: Open | J4: Encryption settings screenshot | K4: NIST CSF 2.0 - PR.DS | L4: 46302 | M4: Low
A5: R-004 | B5: Cloud Backup | C5: Cloud backups are not regularly tested | D5: 3 | E5: 4 | F5: =IF(D5*E5>=17,"Critical",IF(D5*E5>=10,"High",IF(D5*E5>=5,"Medium","Low"))) -> High | G5: Schedule backups and test data restoration | H5: IT Operations Manager | I5: Open | J5: Backup and restore test report | K5: NIST CSF 2.0 - RC.RP | L5: 46302 | M5: Medium
A6: R-005 | B6: Cloud IAM | C6: Users have excessive access permissions | D6: 4 | E6: 5 | F6: =IF(D6*E6>=17,"Critical",IF(D6*E6>=10,"High",IF(D6*E6>=5,"Medium","Low"))) -> Critical | G6: Apply least privilege and review user roles | H6: Identity Administrator | I6: Open | J6: User access review report | K6: NIST CSF 2.0 - PR.AA | L6: 46279 | M6: Medium
A7: R-006 | B7: Cloud Monitoring | C7: Security logging and monitoring are disabled | D7: 4 | E7: 4 | F7: =IF(D7*E7>=17,"Critical",IF(D7*E7>=10,"High",IF(D7*E7>=5,"Medium","Low"))) -> High | G7: Enable security logs and continuous monitoring | H7: Security Operations Manager | I7: Open | J7: Logging configuration screenshot | K7: NIST CSF 2.0 - DE.CM | L7: 46302 | M7: Medium
A8: R-007 | B8: Cloud Virtual Machines | C8: Virtual machines are not regularly patched | D8: 4 | E8: 4 | F8: =IF(D8*E8>=17,"Critical",IF(D8*E8>=10,"High",IF(D8*E8>=5,"Medium","Low"))) -> High | G8: Implement a monthly patch management process | H8: Cloud Administrator | I8: Open | J8: Patch compliance report | K8: NIST CSF 2.0 - PR.PS | L8: 46302 | M8: Medium
A9: R-008 | B9: Cloud Data | C9: Sensitive data is not classified | D9: 3 | E9: 4 | F9: =IF(D9*E9>=17,"Critical",IF(D9*E9>=10,"High",IF(D9*E9>=5,"Medium","Low"))) -> High | G9: Classify data and apply sensitivity labels | H9: Data Protection Officer | I9: Open | J9: Data classification report | K9: NIST CSF 2.0 - PR.DS | L9: 46302 | M9: Low
A10: R-009 | B10: Cloud Records | C10: Data retention policies are not defined | D10: 3 | E10: 3 | F10: =IF(D10*E10>=17,"Critical",IF(D10*E10>=10,"High",IF(D10*E10>=5,"Medium","Low"))) -> Medium | G10: Define and implement data retention policies | H10: Compliance Manager | I10: Open | J10: Approved retention policy | K10: NIST CSF 2.0 - GV.PO | L10: 46332 | M10: Low
A11: R-010 | B11: Cloud Identity | C11: Inactive user accounts remain enabled | D11: 3 | E11: 4 | F11: =IF(D11*E11>=17,"Critical",IF(D11*E11>=10,"High",IF(D11*E11>=5,"Medium","Low"))) -> High | G11: Disable inactive accounts and perform quarterly reviews | H11: Identity Administrator | I11: Open | J11: Inactive accounts report | K11: NIST CSF 2.0 - PR.AA | L11: 46302 | M11: Low
A12: R-011 | B12: Cloud Incident Response | C12: No cloud incident response plan exists | D12: 3 | E12: 5 | F12: =IF(D12*E12>=17,"Critical",IF(D12*E12>=10,"High",IF(D12*E12>=5,"Medium","Low"))) -> High | G12: Create and test a cloud incident response plan | H12: Security Manager | I12: Open | J12: Incident response test report | K12: NIST CSF 2.0 - RS.MA | L12: 46302 | M12: Medium
A13: R-012 | B13: Third-Party Access | C13: Third-party access is not regularly reviewed | D13: 3 | E13: 4 | F13: =IF(D13*E13>=17,"Critical",IF(D13*E13>=10,"High",IF(D13*E13>=5,"Medium","Low"))) -> High | G13: Review third-party access and remove unnecessary permissions | H13: Vendor Risk Manager | I13: Open | J13: Third-party access review report | K13: NIST CSF 2.0 - GV.SC | L13: 46302 | M13: Medium

Sheet Risk Scoring
A1: Likelihood Level | B1: Likelihood Score | D1: Impact Level | E1: Impact Score | G1: Minimum Score | H1: Risk Rating
A2: Rare | B2: 1 | D2: Insignificant | E2: 1 | G2: 1 | H2: Low
A3: Unlikely | B3: 2 | D3: Minor | E3: 2 | G3: 5 | H3: Medium
A4: Possible | B4: 3 | D4: Moderate | E4: 3 | G4: 10 | H4: High
A5: Likely | B5: 4 | D5: Major | E5: 4 | G5: 17 | H5: Critical
A6: Almost Certain | B6: 5 | D6: Severe | E6: 5

Sheet Dashboard
A1: Cloud Compliance Risk Dashboard
A4: Total Risks | B4: =COUNTA('Risk Register'!A2:A13) -> 12 | G4: Risk Level | H4: Count
A5: Critical Risks | B5: =COUNTIF('Risk Register'!F2:F13,"Critical") -> 3 | G5: Critical | H5: =B5 -> 3
A6: High Risks | B6: =COUNTIF('Risk Register'!F2:F13,"High") -> 8 | G6: High | H6: =B6 -> 8
A7: Medium Risks | B7: =COUNTIF('Risk Register'!F2:F13,"Medium") -> 1 | G7: Medium | H7: =B7 -> 1
A8: Open Risks | B8: =COUNTIF('Risk Register'!I2:I13,"Open") -> 12
A10: Key Findings
A11: =B5&" critical risks require immediate action" -> 3 critical risks require immediate action
A12: =B6&" high risks require remediation within 30 days" -> 8 high risks require remediation within 30 days
A13: ="All "&B8&" identified risks are currently open" -> All 12 identified risks are currently open
A15: Priority Actions
A16: 1. Restrict public access to cloud storage
A17: 2. Enable MFA for administrator accounts
A18: 3. Apply least privilege to user permissions
A19: 4. Monitor remediation and collect evidence

Sheet Project Overview
A1: Cloud Compliance Risk Assessment
A3: Project Type | B3: Simulated Portfolio Project
A4: Scenario | B4: A fictional company uses cloud services to store data and operate business systems
A5: Objective | B5: Identify, assess, prioritize, and monitor cloud compliance risks
A6: Framework | B6: NIST Cybersecurity Framework 2.0
A7: Scope | B7: Cloud identity, storage, databases, monitoring, backups, and third-party access
A8: Tools | B8: Excel-compatible spreadsheet and Microsoft Learn
A9: Role | B9: Cloud Compliance Analyst
A10: Deliverables | B10: Risk register, risk scoring model, dashboard, findings, and remediation actions
A12: Disclaimer | B12: This is a simulated project created for learning and portfolio purposes
A14: Reference Source | B14: https://www.nist.gov/cyberframework

Sheet Evidence Tracker
A1: Evidence ID | B1: Risk ID | C1: Evidence Name | D1: Evidence Owner | E1: Requested Date | F1: Received Date | G1: Review Status | H1: Reviewer Notes
A2: E-001 | B2: R-001 | C2: Access setting screenshot | D2: Cloud Administrator | E2: 46273 | G2: Pending | H2: Awaiting evidence
A3: E-002 | B3: R-002 | C3: MFA status report | D3: Identity Administrator | E3: 46273 | G3: Pending | H3: Awaiting evidence
A4: E-003 | B4: R-003 | C4: Encryption settings screenshot | D4: Database Administrator | E4: 46273 | G4: Pending | H4: Awaiting evidence
A5: E-004 | B5: R-004 | C5: Backup and restore test report | D5: IT Operations Manager | E5: 46273 | G5: Pending | H5: Awaiting evidence
A6: E-005 | B6: R-005 | C6: User access review report | D6: Identity Administrator | E6: 46273 | G6: Pending | H6: Awaiting evidence
A7: E-006 | B7: R-006 | C7: Logging configuration screenshot | D7: Security Operations Manager | E7: 46273 | G7: Pending | H7: Awaiting evidence
A8: E-007 | B8: R-007 | C8: Patch compliance report | D8: Cloud Administrator | E8: 46273 | G8: Pending | H8: Awaiting evidence
A9: E-008 | B9: R-008 | C9: Data classification report | D9: Data Protection Officer | E9: 46273 | G9: Pending | H9: Awaiting evidence
A10: E-009 | B10: R-009 | C10: Approved retention policy | D10: Compliance Manager | E10: 46273 | G10: Pending | H10: Awaiting evidence
A11: E-010 | B11: R-010 | C11: Inactive accounts report | D11: Identity Administrator | E11: 46273 | G11: Pending | H11: Awaiting evidence
A12: E-011 | B12: R-011 | C12: Incident response test report | D12: Security Manager | E12: 46273 | G12: Pending | H12: Awaiting evidence
A13: E-012 | B13: R-012 | C13: Third-party access review report | D13: Vendor Risk Manager | E13: 46273 | G13: Pending | H13: Awaiting evidence
